,Unnamed: 0,Parcels,Latitude,Longitude,Distance,Duration,Destination_Address,KMeans_1,KMeans_2,KMeans_3,KMeans_4,DBSCAN_1,DBSCAN_2,Sequence,Plan
1193,1193,1201,11.554963,104.88673840000001,6641,1733,"Kampuchea Tela Co.,Ltd, #24 Street 10B, Phnom Penh, Cambodia",21,19,18,3,-1,-1,0,0
291,291,292,11.5531939,104.89005800000001,6715,1560,"42 Street 656, Phnom Penh 12158, Cambodia",21,19,9,3,-1,-1,1,4
395,395,396,11.5517286,104.88813799999998,6716,1504,"271 Yothapol Khemarak Phoumin Blvd (271), Phnom Penh, Cambodia",21,19,9,3,11,-1,2,5
502,502,503,11.5639779,104.89034209999998,7130,1601,"318a St 150, Phnom Penh, Cambodia",21,5,9,10,15,-1,3,3
359,359,360,11.553148,104.88530659999999,7157,1635,"24c Sola Street (371), Phnom Penh, Cambodia",21,5,18,10,15,-1,4,5
64,64,65,11.557836,104.88832099999999,7575,1686,"Street 10B, Phnom Penh, Cambodia",21,18,18,21,7,11,5,1
248,248,249,11.5578361,104.8883213,7575,1686,"Street 10B, Phnom Penh, Cambodia",21,18,18,21,7,11,6,2
1209,1209,1217,11.5637998,104.88145349999999,7683,1546,"AH11, Phnom Penh, Cambodia",21,18,9,21,-1,-1,7,7
1213,1213,1221,11.5658289,104.88879080000001,9721,2078,"804 Kampuchea Krom Blvd (128), Phnom Penh, Cambodia",21,1,17,15,-1,-1,8,8
